calm	greet	6	Hello. The shadows have been quiet today.
calm	greet	6	Oh, you. The stars said you were near.
calm	greet	6	Ah, good. The kettle has just started.
calm	greet	6	There you are. The moon told me hours ago.
calm	greet	6	Glad you came. The cauldron runs low on company.
calm	greet	6	Good to see you. The yard feels gentler with two.
calm	greet	6	Hello, friend. The old herbs are drying well.
calm	greet	6	Ah, the winds brought you back.
calm	greet	6	Welcome. The spirits like a visitor.
calm	greet	6	You found me. Not that I was hiding.
calm	greet	6	There you are. I was just stirring.
calm	greet	6	Oh, hello. The brew is warm if you want some.
calm	greet	6	You came at a good hour. The air is soft.
calm	greet	6	Ah, a familiar face. Sit if you like.
calm	greet	6	Good. The shadows leaned your way.
calm	greet	6	Well met. The fate threads hum today.
calm	greet	6	Nice. I was starting to talk to the cauldron.
calm	greet	6	Oh good. The old moon stone wanted to say hi.
calm	greet	6	You again. That is a fine thing.
calm	greet	6	Ah, the garden said someone was coming.
calm	greet	6	Hello. Mind the jars by the door.
calm	greet	6	There you are. The pot took its time.
calm	greet	6	Glad you made it. The road is kind today.
calm	greet	6	Ah, good timing. Tea is just on.
calm	greet	6	Welcome back. The smoke is sweet tonight.
calm	greet	6	Oh, lovely. Another pair of hands is useful.
calm	greet	6	Good morning. The stars are still warm.
calm	greet	6	Hello. The spirits send their regards.
calm	greet	6	Ah, there you are. I kept a cup ready.
calm	greet	6	Hello, dear one. The day feels forgiving.
calm	greet	6	Glad you came. The owl said you would.
calm	greet	6	Oh, you. Come sit by the warm stone.
calm	greet	6	Welcome. The herbs are cooperative today.
calm	greet	6	Good afternoon. The brew is behaving.
calm	greet	6	Ah, a visitor. The wind was whispering.
calm	greet	6	Hello. The cauldron is between moods.
calm	greet	6	Good to see you. Quiet here, as you see.
calm	greet	6	You came. The old moon was patient.
calm	greet	6	Hello, friend. The charms are napping.
calm	greet	6	Oh, there you are. I was just thinking of you.
calm	farewell	6	Off I go. The brew will not stir itself.
calm	farewell	6	See you. Mind the shadows at the gate.
calm	farewell	6	Until later. The moon keeps its promises.
calm	farewell	6	Take care. The path is kind tonight.
calm	farewell	6	Goodbye for now. The stars are steady.
calm	farewell	6	Off to the cauldron. Catch you later.
calm	farewell	6	Be well. The winds are gentle this hour.
calm	farewell	6	I should go. The herbs grow impatient.
calm	farewell	6	Farewell. The old magic blesses easy days.
calm	farewell	6	See you by the fire later.
calm	farewell	6	Alright. The pot is calling me.
calm	farewell	6	Stay warm. The spirits will walk with you.
calm	farewell	6	Later. The stars keep a light for you.
calm	farewell	6	Going. The brew will not wait forever.
calm	farewell	6	Take care on the path. I will be here.
calm	farewell	6	Bye for now. The moon likes a slow hour.
calm	farewell	6	Until next time. May the day favour you.
calm	farewell	6	See you around. The nights are soft now.
calm	farewell	6	Off I wander. The herbs are ready.
calm	farewell	6	Goodbye. The owl will carry a word.
calm	farewell	6	I should stir. Be safe out there.
calm	farewell	6	Take care, dear one. The shadows lean gentle.
calm	farewell	6	See you later. The tea grows cold.
calm	farewell	6	Walk well. The old stones watch kindly.
calm	farewell	6	Off to the garden. Until later.
calm	farewell	6	Goodbye. The charms will remember you.
calm	farewell	6	Be well. The spirits nod you on.
calm	farewell	6	Until next. May your hearth stay warm.
calm	farewell	6	Later. I have roots to tend.
calm	farewell	6	Be careful of loose stones. See you.
calm	farewell	6	Stay well. The moon sends its regards.
calm	farewell	6	Alright, off. The brew begs attention.
calm	farewell	6	Take care. The stars are kind today.
calm	farewell	6	Goodbye for now. The threads hold.
calm	farewell	6	Off to work. Catch you at dusk.
calm	farewell	6	Until later. Keep your head up.
calm	farewell	6	See you. The winds will find you.
calm	farewell	6	Farewell. The old herbs wish you well.
calm	farewell	6	Alright, be well. The path is soft.
calm	farewell	6	Go gently. The night is on our side.
calm	chatter	6	The shadows are lazy this hour.
calm	chatter	6	The cauldron is humming a kind tune.
calm	chatter	6	Old magic prefers a slow day.
calm	chatter	6	The moon is shy today, it seems.
calm	chatter	6	I could watch the smoke for hours.
calm	chatter	6	The herbs whispered something funny this morning.
calm	chatter	6	The charm bag is sulking again.
calm	chatter	6	Strange how calm days feel long.
calm	chatter	6	The fire is behaving, for once.
calm	chatter	6	The spirits nap when the yard is quiet.
calm	chatter	6	A good day for drying roots.
calm	chatter	6	The old tales feel warmer in soft weather.
calm	chatter	6	Even the wind is gentle today.
calm	chatter	6	The cat knows the calm before anyone.
calm	chatter	6	The cauldron asked for nothing new.
calm	chatter	6	Some days the brew practically makes itself.
calm	chatter	6	The stars sleep in this morning.
calm	chatter	6	The garden is pretending to be ordinary.
calm	chatter	6	The owl has not moved in an hour.
calm	chatter	6	The shadows are folding neatly today.
calm	chatter	6	Old magic appreciates a slow kettle.
calm	chatter	6	Funny how silence has a flavour.
calm	chatter	6	The herbs grew well this week.
calm	chatter	6	The pot likes company, I notice.
calm	chatter	6	Even the bones in the jar seem content.
calm	chatter	6	I could almost forget the last storm.
calm	chatter	6	The willow bark dried perfectly.
calm	chatter	6	The lawn is friendlier without shouting.
calm	chatter	6	The old book wants a re-read.
calm	chatter	6	The charms are in a chatty mood.
calm	chatter	6	The ashes are kinder to sweep today.
calm	chatter	6	The cauldron foamed in a pretty way.
calm	chatter	6	The wind has soft edges today.
calm	chatter	6	Dust settles well in still air.
calm	chatter	6	The moonflowers opened early this week.
calm	chatter	6	The spirits hum when things are calm.
calm	chatter	6	Drying toad skin takes patience.
calm	chatter	6	The smoke curls prettily in calm weather.
calm	chatter	6	Old recipes taste better in quiet hours.
calm	chatter	6	The kettle sings a little different today.
calm	ask	6	How is the hearth keeping?
calm	ask	6	Have you seen the cauldron lately?
calm	ask	6	Did the herbs come in well this week?
calm	ask	6	What do the spirits say today?
calm	ask	6	Where did the silver moon go?
calm	ask	6	Which brew would you try first?
calm	ask	6	Any news from the old path?
calm	ask	6	Have you spoken with the owl?
calm	ask	6	What does the moon feel like tonight?
calm	ask	6	Did the fire behave for you?
calm	ask	6	How did the charm bag treat you?
calm	ask	6	Have the shadows been kind out there?
calm	ask	6	Which root do you think we need?
calm	ask	6	What brings you round today?
calm	ask	6	Did you rest well last night?
calm	ask	6	How are the old stones holding up?
calm	ask	6	Is the garden giving you any trouble?
calm	ask	6	Have the whispers been loud today?
calm	ask	6	What does the wind taste of?
calm	ask	6	Any luck with the dry brush?
calm	ask	6	How goes the mending of things?
calm	ask	6	Did the spirits keep their word?
calm	ask	6	Have you met the new moon yet?
calm	ask	6	What did the cards show you?
calm	ask	6	Have you kept out of the rain?
calm	ask	6	How did the brew settle?
calm	ask	6	Did anything strange cross your path?
calm	ask	6	How did the charm sit on you?
calm	ask	6	Have you tried the fresh leaves?
calm	ask	6	What brought you this way today?
calm	ask	6	Did the rain leave the herbs alone?
calm	ask	6	How does the tea sit with you?
calm	ask	6	Have you been to the old well?
calm	ask	6	What do you think the stars meant?
calm	ask	6	How is the lawn side treating you?
calm	ask	6	Have you seen the grey cat about?
calm	ask	6	What did you find by the stones?
calm	ask	6	Did the smoke draw the right shape?
calm	ask	6	How is the quiet serving you?
calm	ask	6	Have the omens been friendly?
calm	answer	6	Yes, the shadows agree with that.
calm	answer	6	No, the stars say otherwise.
calm	answer	6	Maybe. The herbs are still thinking.
calm	answer	6	Probably. The brew hints at it.
calm	answer	6	Of course. The moon would approve.
calm	answer	6	Actually, the spirits whispered the same.
calm	answer	6	Right, the old way works here.
calm	answer	6	Well, the cauldron suggests caution.
calm	answer	6	Sure, if the winds allow it.
calm	answer	6	Yes, that pattern feels true.
calm	answer	6	No, I would trust the other path.
calm	answer	6	Possibly. The roots are hopeful.
calm	answer	6	Indeed. The old charm agrees.
calm	answer	6	Surely. Fate nods that way.
calm	answer	6	Yes, the omens line up.
calm	answer	6	No, not tonight. Maybe tomorrow.
calm	answer	6	Quite so. The stone hums yes.
calm	answer	6	I believe so. The smoke leans that way.
calm	answer	6	Mm, yes. That rhymes with the brew.
calm	answer	6	Not really. The moon dipped no.
calm	answer	6	That is right. The owl called it.
calm	answer	6	Yes, the tea settled in favour.
calm	answer	6	No, the charm fell the other way.
calm	answer	6	Maybe, though the herbs hesitate.
calm	answer	6	Certainly, the signs are clear.
calm	answer	6	I think so. The wind was honest.
calm	answer	6	Yes, and the cauldron is glad.
calm	answer	6	No. The fire never lies.
calm	answer	6	Right, the old book speaks of it.
calm	answer	6	Of course. The stars are kind.
calm	answer	6	Likely. The dew said as much.
calm	answer	6	Yes, though we should go slow.
calm	answer	6	No, not this way. Too knotted.
calm	answer	6	Quite. The old moon remembers.
calm	answer	6	Indeed, the spirits nodded thrice.
calm	answer	6	Yes, the brew foamed agreeably.
calm	answer	6	Maybe. The shadow wavered.
calm	answer	6	Right you are. The tides favour it.
calm	answer	6	Yes. The old charm holds.
calm	answer	6	No, the herbs said wait.
calm	refuse	6	No. The shadows do not favour it.
calm	refuse	6	I would not, friend. The stars say rest.
calm	refuse	6	Not today. The brew needs me.
calm	refuse	6	Afraid not. The cauldron is ill-tempered.
calm	refuse	6	Not this time. The moon is wrong.
calm	refuse	6	I cannot. The charms need mending.
calm	refuse	6	No, the herbs would wilt without me.
calm	refuse	6	Sorry. The spirits asked for patience.
calm	refuse	6	Not right now. The pot is touchy.
calm	refuse	6	I will pass. The old signs disagree.
calm	refuse	6	No, the smoke draws a frown.
calm	refuse	6	Afraid not. The omens wag no.
calm	refuse	6	Not a good day for it.
calm	refuse	6	No, the tides are uncertain.
calm	refuse	6	I would rather not. The brew is fragile.
calm	refuse	6	Not this time, dear one.
calm	refuse	6	Sorry. The wind says another day.
calm	refuse	6	I cannot spare the hour.
calm	refuse	6	No, better we wait a moon.
calm	refuse	6	Afraid the stars said no.
calm	refuse	6	Not my cup, if I am honest.
calm	refuse	6	No, let the omens soften first.
calm	refuse	6	I will have to decline today.
calm	refuse	6	Not really my kind of work.
calm	refuse	6	No, the charm would protest.
calm	refuse	6	Afraid not. The spirits said hold.
calm	refuse	6	I would rather sit with the cauldron.
calm	refuse	6	No thanks. I have stirring to do.
calm	refuse	6	Not today, friend. Perhaps tomorrow.
calm	refuse	6	No. The omens are the omens.
calm	refuse	6	I cannot risk the brew just yet.
calm	refuse	6	Not this afternoon. The roots need me.
calm	refuse	6	No, not while the moon is shy.
calm	refuse	6	Afraid I must say pass.
calm	refuse	6	Not today. The cauldron is fussy.
calm	refuse	6	I will decline. Herbs call first.
calm	refuse	6	No, better wait for a sign.
calm	refuse	6	Not my hour for that.
calm	refuse	6	I cannot, not with the pot going.
calm	refuse	6	No, the charm would break.
calm	agree	6	Yes, that is wise.
calm	agree	6	Quite right. The omens favour it.
calm	agree	6	Agreed. The brew says the same.
calm	agree	6	Mm, yes. A good thought.
calm	agree	6	True. The moon would nod.
calm	agree	6	Indeed. The stars lean that way.
calm	agree	6	Yes, I am with you on that.
calm	agree	6	Alright, sounds about right.
calm	agree	6	Agreed. Let us do that, then.
calm	agree	6	Right. The old way holds.
calm	agree	6	Yes, that feels true.
calm	agree	6	A fair reading, friend.
calm	agree	6	Good plan. The spirits approve.
calm	agree	6	Sure. The cauldron does not mind.
calm	agree	6	Agreed. The charm says go.
calm	agree	6	Yes, we can try that path.
calm	agree	6	Quite so. The omens are kind.
calm	agree	6	I like the sound of that.
calm	agree	6	Yes, let the herbs decide.
calm	agree	6	That tracks. The dew said as much.
calm	agree	6	Sure thing. The moon is willing.
calm	agree	6	Yes, the brew would not quarrel.
calm	agree	6	Alright. The shadow nods.
calm	agree	6	Good. We do that, then.
calm	agree	6	Agreed. A gentle plan.
calm	agree	6	Right, that fits.
calm	agree	6	Yes. The stones hum yes.
calm	agree	6	Very well. The omens say yes.
calm	agree	6	A fine idea. I will stir while you go.
calm	agree	6	Yes, that is the old way.
calm	agree	6	Agreed. Small and careful.
calm	agree	6	Fair. The spirits shrug yes.
calm	agree	6	Right. The tides are kind.
calm	agree	6	Yes, let us begin.
calm	agree	6	Good. The charm can wait.
calm	agree	6	Alright, I will prepare the pot.
calm	agree	6	Yes, the herbs will keep.
calm	agree	6	Indeed. The moon lights that road.
calm	agree	6	Agreed. The brew stays warm.
calm	agree	6	Yes. The old signs say so.
calm	warn	6	Mind the loose stones near the gate.
calm	warn	6	Careful with that jar. It nips.
calm	warn	6	Watch the charm on the sill.
calm	warn	6	Do not stir the pot widdershins.
calm	warn	6	Keep your cloak away from the fire.
calm	warn	6	Careful of the moonflowers. They bruise.
calm	warn	6	Do not breathe the blue smoke.
calm	warn	6	Watch the thresholds. Old habits.
calm	warn	6	Mind the owl. He is moody today.
calm	warn	6	Careful. The pot is warmer than it looks.
calm	warn	6	Step lightly. The spirits are listening.
calm	warn	6	Do not touch the jar with the silver lid.
calm	warn	6	Mind your step near the herbs.
calm	warn	6	Careful. The charm hums if annoyed.
calm	warn	6	Watch where you set your cup.
calm	warn	6	Do not disturb the drying leaves.
calm	warn	6	Mind the cat. He has opinions.
calm	warn	6	Careful with that candle. It tips.
calm	warn	6	Step wide of the cauldron. It steams.
calm	warn	6	Do not read the book upside down.
calm	warn	6	Mind the smoke. It follows your hair.
calm	warn	6	Careful. The stones near the door wake easy.
calm	warn	6	Watch the bones on the table.
calm	warn	6	Do not slam the door. The jars fall.
calm	warn	6	Mind the wind through the crooked window.
calm	warn	6	Careful where you sit. The chair bites.
calm	warn	6	Watch the silver moon charm.
calm	warn	6	Do not talk loud near the brew.
calm	warn	6	Mind the salt line by the step.
calm	warn	6	Careful with the scissors. They dislike haste.
calm	warn	6	Watch the threshold. It remembers.
calm	warn	6	Do not let the pot go dry.
calm	warn	6	Mind the shadows in the corners.
calm	warn	6	Careful with the mortar. It shatters ill.
calm	warn	6	Keep off the rug with the circle.
calm	warn	6	Do not rattle the bell above the door.
calm	warn	6	Mind the mushrooms on the shelf.
calm	warn	6	Careful near the window. Wind bites.
calm	warn	6	Watch what you promise in here.
calm	warn	6	Do not leave the door ajar.
tense	greet	6	There you are. The shadows thickened last hour.
tense	greet	6	Quick, sit. The charms have been twitchy.
tense	greet	6	Oh good. I need another set of eyes.
tense	greet	6	You came. The air is wrong tonight.
tense	greet	6	Ah, thank the moon. Something is moving.
tense	greet	6	Fast, come. The cauldron hisses a warning.
tense	greet	6	Glad you found me. The omens are ugly.
tense	greet	6	There. The stars are uneasy.
tense	greet	6	You made it. The wind is loud, listen.
tense	greet	6	Good. The smoke turned the wrong way today.
tense	greet	6	Come closer. The spirits are restless.
tense	greet	6	Oh, you. The charm bag bit me twice.
tense	greet	6	Sit, fast. The brew grows teeth.
tense	greet	6	You are here. Something stirs out there.
tense	greet	6	Quick. The old stones are humming.
tense	greet	6	Glad you came. The yard feels watched.
tense	greet	6	There. The owl screamed an hour ago.
tense	greet	6	You made it. Eyes open, friend.
tense	greet	6	Ah, good. The fire guttered strangely.
tense	greet	6	Over here. The moon has a hard edge.
tense	greet	6	Quick. The shadows are pacing.
tense	greet	6	Sit close. The wind is not alone.
tense	greet	6	You came. The old magic is jumpy.
tense	greet	6	Good. The dust has stopped settling.
tense	greet	6	Quickly. The kettle wept a bad note.
tense	greet	6	Over. The cat bristled at nothing.
tense	greet	6	You found me. My neck hair says trouble.
tense	greet	6	Thank the stars. Another pair of hands.
tense	greet	6	Quick. The charms all swung north.
tense	greet	6	Ah. Come, something is off.
tense	greet	6	Here, close. The jars rattled without cause.
tense	greet	6	You came. The pot boiled cold for a beat.
tense	greet	6	Sit. The brew smells iron today.
tense	greet	6	Quick. The smoke is drawing wrong shapes.
tense	greet	6	Good. The herbs wilted in the hour.
tense	greet	6	Come. The spirits have eyes on us.
tense	greet	6	You came. The night is not sleeping.
tense	greet	6	Over here. Something is in the brush.
tense	greet	6	Quick. The omens came in crooked.
tense	greet	6	Ah, good. The old signs are loud.
tense	farewell	6	Go. The cauldron cannot wait.
tense	farewell	6	Fast now. Keep to the lit path.
tense	farewell	6	Off I go. Mind the moving dark.
tense	farewell	6	Run. The brew is worse by the minute.
tense	farewell	6	I must go. Watch the trees behind.
tense	farewell	6	Later. Stay close to the fire.
tense	farewell	6	Off, quick. The charms are screaming.
tense	farewell	6	Move. Do not stop at the stones.
tense	farewell	6	Go. The spirits said hurry.
tense	farewell	6	Catch me later. Keep your charm up.
tense	farewell	6	I am off. Trust no still shadow.
tense	farewell	6	Go home the long way, now.
tense	farewell	6	Later. Mind the north gate.
tense	farewell	6	Off. Do not answer strange calls.
tense	farewell	6	Fast. I will find you after.
tense	farewell	6	I must tend the pot. Stay sharp.
tense	farewell	6	Go. The omens are drumming.
tense	farewell	6	Later. Lock your door with iron.
tense	farewell	6	Off, go. The owls are quiet for a reason.
tense	farewell	6	I must run. Keep the salt line.
tense	farewell	6	Go. The wind is not our friend.
tense	farewell	6	Later. Mind the crooked path.
tense	farewell	6	Move now. The brew will not hold.
tense	farewell	6	Off. Do not linger by the well.
tense	farewell	6	Go. The herbs need me this second.
tense	farewell	6	Later. Watch your back twice.
tense	farewell	6	Run to the hearth. I will come.
tense	farewell	6	Off. The charm stays with you.
tense	farewell	6	I am going. Keep the candle lit.
tense	farewell	6	Later. Do not wait on me.
tense	farewell	6	Go, quickly. Shut the shutters tight.
tense	farewell	6	Off now. The cauldron boils over.
tense	farewell	6	Later. Do not go out alone.
tense	farewell	6	Fast. The stars blinked out a moment.
tense	farewell	6	I must. Stay by bright flame.
tense	farewell	6	Off, go. Wear the grey charm.
tense	farewell	6	Later. Watch the path behind you.
tense	farewell	6	Go, dear one. Keep your head down.
tense	farewell	6	Off. Do not cross the dry creek.
tense	farewell	6	I must run. Stay low, stay quiet.
tense	chatter	6	The shadows are breathing wrong.
tense	chatter	6	Something is in the wind, and it chews.
tense	chatter	6	The brew went cold for no reason.
tense	chatter	6	The charm bag is hissing again.
tense	chatter	6	Old magic has a headache tonight.
tense	chatter	6	The cauldron foamed the wrong colour.
tense	chatter	6	The smoke is pointing the wrong way.
tense	chatter	6	The stars stuttered a breath ago.
tense	chatter	6	The owl has been silent too long.
tense	chatter	6	The jars are rattling on their own.
tense	chatter	6	Something is watching the back fence.
tense	chatter	6	The fire bent sideways, did you see.
tense	chatter	6	The wind came in with teeth.
tense	chatter	6	The herbs shrivelled in an hour.
tense	chatter	6	The dust is not settling right.
tense	chatter	6	The cat is up, and he never is.
tense	chatter	6	The moon rim is wrong, just slightly.
tense	chatter	6	The shadows are longer than they should be.
tense	chatter	6	The pot is hotter than it ought.
tense	chatter	6	The charms keep swinging north.
tense	chatter	6	The bell above the door rang itself.
tense	chatter	6	The spirits will not answer tonight.
tense	chatter	6	The smoke tastes of iron.
tense	chatter	6	The old stones are humming louder.
tense	chatter	6	The wind dropped dead for three beats.
tense	chatter	6	The kettle sounds like a bad omen.
tense	chatter	6	The salt line is cracking, look.
tense	chatter	6	The candles are leaning away.
tense	chatter	6	The brew is fighting me tonight.
tense	chatter	6	The roots are curling strangely.
tense	chatter	6	The lawn is too quiet, listen.
tense	chatter	6	The charm bag pulled toward the gate.
tense	chatter	6	The spirits paced all afternoon.
tense	chatter	6	The moonflowers closed at noon.
tense	chatter	6	The bones on the shelf rolled once.
tense	chatter	6	The mirror went grey for a blink.
tense	chatter	6	The tide feels all wrong in here.
tense	chatter	6	The herbs screamed when I cut them.
tense	chatter	6	The cauldron is hungrier than usual.
tense	chatter	6	The winds are keeping something out, or in.
tense	ask	6	Did you see the shadow just move?
tense	ask	6	How long has it been that quiet?
tense	ask	6	Did the charm pull you this way too?
tense	ask	6	What did the smoke do, out there?
tense	ask	6	Where did the owl go, suddenly?
tense	ask	6	Have the wards held on your side?
tense	ask	6	Did you hear the jars rattle?
tense	ask	6	How close is it, can you tell?
tense	ask	6	Did the old stones hum for you?
tense	ask	6	What crossed the path behind you?
tense	ask	6	Where did the dogs run off to?
tense	ask	6	Did you see what snapped the branch?
tense	ask	6	How many moons until the storm?
tense	ask	6	Did the herbs wilt on you as well?
tense	ask	6	What did your charm do, just now?
tense	ask	6	Where is the silver moon tonight?
tense	ask	6	Have the spirits spoken to you?
tense	ask	6	Did the wind drop for you, too?
tense	ask	6	How did the brew taste, iron or ash?
tense	ask	6	What did the owl call sound like?
tense	ask	6	Did you pass the dry creek safely?
tense	ask	6	Where did you last feel the cat?
tense	ask	6	Did the bell ring on its own?
tense	ask	6	How many candles guttered at once?
tense	ask	6	Did the smoke draw a face?
tense	ask	6	Where is the girl? Has anyone seen her?
tense	ask	6	Did the kettle weep for you as well?
tense	ask	6	How hot did your hearth run tonight?
tense	ask	6	Did a cold draft find your door?
tense	ask	6	What did the crow say over the gate?
tense	ask	6	Where did the quiet come from?
tense	ask	6	Did the wards crack on your side?
tense	ask	6	How did the dust settle, strangely?
tense	ask	6	Did the shadow on the wall sit up?
tense	ask	6	What was that sound, just now?
tense	ask	6	Where did the warmth go so fast?
tense	ask	6	Did the charm burn your palm?
tense	ask	6	How long have the stars been wrong?
tense	ask	6	Did the threshold whisper to you?
tense	ask	6	What kept the lawn so silent?
tense	answer	6	Yes, I felt it too. Stay close.
tense	answer	6	No. That way leads to worse.
tense	answer	6	Maybe. The charm is too vague.
tense	answer	6	Right. And do not split up.
tense	answer	6	Of course. But hold your ground.
tense	answer	6	Yes, iron taste. I smelled it.
tense	answer	6	No, not yet. Soon, though.
tense	answer	6	Quickly, yes. Back to the door.
tense	answer	6	Yes, the smoke lied to me too.
tense	answer	6	No, the wind is not alone.
tense	answer	6	Maybe. The brew will not say.
tense	answer	6	Right. Keep the salt line tight.
tense	answer	6	Of course I heard it. Everyone did.
tense	answer	6	Yes. And the charm is hot.
tense	answer	6	No. That is not our shadow.
tense	answer	6	I felt it too. Step back.
tense	answer	6	Yes, the stones are humming wrong.
tense	answer	6	No, do not go alone.
tense	answer	6	Quickly, yes. Move together.
tense	answer	6	Right. The charm pulled north.
tense	answer	6	Yes, the jars rattled, then stopped.
tense	answer	6	No. It was not the wind.
tense	answer	6	Maybe. The moon has not told me.
tense	answer	6	Yes. Keep your head down.
tense	answer	6	No, that door stays shut.
tense	answer	6	Right. Do not look back yet.
tense	answer	6	Of course. The omens are loud.
tense	answer	6	Yes. The spirit circled twice.
tense	answer	6	No. We hold here, together.
tense	answer	6	Maybe. The smoke is hedging.
tense	answer	6	Yes, I tasted iron too.
tense	answer	6	No. The salt line held.
tense	answer	6	Right, I heard the bell.
tense	answer	6	Yes. Something is at the fence.
tense	answer	6	Of course it is not safe.
tense	answer	6	No, the path is not ours tonight.
tense	answer	6	Quickly, yes. Candle up.
tense	answer	6	Yes, the cat saw it first.
tense	answer	6	No, the owl knows better than that.
tense	answer	6	Right, the stars said hide.
tense	refuse	6	No. The brew is worse than that.
tense	refuse	6	Not now. We hold the salt line.
tense	refuse	6	I am not leaving the cauldron open.
tense	refuse	6	No chance. The moon is wrong.
tense	refuse	6	Leave it. The spirits said back.
tense	refuse	6	Not while the charm is that hot.
tense	refuse	6	No. The smoke is drawing teeth.
tense	refuse	6	Not a step past the gate.
tense	refuse	6	I will not. The omens say stay.
tense	refuse	6	No. That path is bad tonight.
tense	refuse	6	Not tonight. The yard is listening.
tense	refuse	6	I cannot. The wards need watching.
tense	refuse	6	No. Keep the fire between us and it.
tense	refuse	6	Not out there alone. No.
tense	refuse	6	I will not split the circle.
tense	refuse	6	No. The stones are humming danger.
tense	refuse	6	Not while the jars are shaking.
tense	refuse	6	I refuse to cross that salt.
tense	refuse	6	No. The brew forbids it.
tense	refuse	6	Not now. The charms are screaming.
tense	refuse	6	I will not open that door.
tense	refuse	6	No. The spirit said no.
tense	refuse	6	Not with the wind like this.
tense	refuse	6	I cannot leave the pot alone.
tense	refuse	6	No. The cards fell black.
tense	refuse	6	Not this side of dawn.
tense	refuse	6	I will not test the shadow.
tense	refuse	6	No. The old way forbids it.
tense	refuse	6	Not yet. The moon must rise first.
tense	refuse	6	I cannot risk the circle.
tense	refuse	6	No. The ashes are unkind tonight.
tense	refuse	6	Not while my neck hair rises.
tense	refuse	6	I refuse. The cauldron warned me.
tense	refuse	6	No. The spirits are loud in no.
tense	refuse	6	Not out there. Not alone.
tense	refuse	6	I will not cross the broken stone.
tense	refuse	6	No. The wind is a liar.
tense	refuse	6	Not now. The brew chose the hour.
tense	refuse	6	I cannot. The charm is fighting me.
tense	refuse	6	No. The dark is watching.
tense	agree	6	Yes. Fast, quietly, together.
tense	agree	6	Agreed. Keep close, stay low.
tense	agree	6	Alright. The charm says go.
tense	agree	6	Right. We go now.
tense	agree	6	Yes, and keep the candle lit.
tense	agree	6	Agreed. Back to back.
tense	agree	6	Alright, but mind the gate.
tense	agree	6	Yes. Move on my word.
tense	agree	6	Right. Salt first, then the door.
tense	agree	6	Agreed. The cauldron waits.
tense	agree	6	Yes, but do not run.
tense	agree	6	Alright, the charm agrees.
tense	agree	6	Agreed. The moon favours it.
tense	agree	6	Right, I felt it too.
tense	agree	6	Yes. Short, sharp, done.
tense	agree	6	Agreed. The omens said strike.
tense	agree	6	Alright, quickly then.
tense	agree	6	Yes. The spirits give a yes.
tense	agree	6	Right. Keep the circle tight.
tense	agree	6	Agreed. We hold the line together.
tense	agree	6	Yes. Iron first, steel second.
tense	agree	6	Alright. Move on three.
tense	agree	6	Agreed. No stopping.
tense	agree	6	Right, the charm pulls us there.
tense	agree	6	Yes. And keep your head low.
tense	agree	6	Agreed. The smoke says go.
tense	agree	6	Alright. Quiet steps only.
tense	agree	6	Yes, the owl said now.
tense	agree	6	Right. The fire will cover us.
tense	agree	6	Agreed. Do not look back.
tense	agree	6	Yes. Candle up, back up.
tense	agree	6	Alright, the cauldron braces.
tense	agree	6	Agreed. Keep the salt with you.
tense	agree	6	Yes. The old way, now.
tense	agree	6	Right. The brew is ready.
tense	agree	6	Agreed. Short words, short moves.
tense	agree	6	Yes, the charm says strike.
tense	agree	6	Alright. We are together on this.
tense	agree	6	Agreed. One breath, then go.
tense	agree	6	Yes. The moon is on our side.
tense	warn	6	Watch the north fence. Something leans.
tense	warn	6	Careful. The wards are thin there.
tense	warn	6	Do not cross the salt line alone.
tense	warn	6	Eyes open. The smoke has teeth tonight.
tense	warn	6	Mind the wind. It is carrying something.
tense	warn	6	Hold the charm close. It is warm.
tense	warn	6	Watch the shadow by the wall. It moved.
tense	warn	6	Careful. The old stone is humming wrong.
tense	warn	6	Do not answer if the door knocks.
tense	warn	6	Mind the gate. The spirits said bad.
tense	warn	6	Stay in the firelight. Trust nothing else.
tense	warn	6	Watch your back. The yard is long tonight.
tense	warn	6	Careful. The brew is listening.
tense	warn	6	Do not step past the circle.
tense	warn	6	Eyes down by the dry creek.
tense	warn	6	Keep the iron in hand. Dark is near.
tense	warn	6	Watch the trees. They were still too long.
tense	warn	6	Do not trust the quiet. Not this one.
tense	warn	6	Mind the threshold. It is soft tonight.
tense	warn	6	Careful. The jar on the left is angry.
tense	warn	6	Stay close. The wards are old.
tense	warn	6	Do not cross water alone tonight.
tense	warn	6	Watch the windows. The dark is peeking.
tense	warn	6	Keep your head down near the path.
tense	warn	6	Do not speak its name. It listens.
tense	warn	6	Mind the smoke. Breathe shallow.
tense	warn	6	Careful where you set iron. It sparks.
tense	warn	6	Do not answer shapes outside the light.
tense	warn	6	Watch the grass. It flattens wrong.
tense	warn	6	Mind the bells. Silence is a warning.
tense	warn	6	Keep three candles. One is not enough.
tense	warn	6	Do not step on old salt.
tense	warn	6	Watch the cat. He knows first.
tense	warn	6	Careful. The charm burns warnings now.
tense	warn	6	Do not drink anything you did not brew.
tense	warn	6	Stay near the hearth. It remembers you.
tense	warn	6	Watch the stairs. They creak on their own.
tense	warn	6	Mind the window. The latch moved.
tense	warn	6	Careful by the altar. The stone is hot.
tense	warn	6	Do not go past the second tree.
shaken	greet	6	Oh. You. That was close.
shaken	greet	6	Ah, thank the moon, you are here.
shaken	greet	6	You made it. I was not sure.
shaken	greet	6	Hello. Goodness, that was bad.
shaken	greet	6	Come in. Sit. My hands will not settle.
shaken	greet	6	There you are. Barely. But here.
shaken	greet	6	Oh, good. I need a familiar face.
shaken	greet	6	You came. I am still a bit rattled.
shaken	greet	6	Ah, friend. Sit. Take a breath with me.
shaken	greet	6	Welcome. Mind the mess, my hands shook.
shaken	greet	6	Hello. The cauldron nearly had me.
shaken	greet	6	You. Oh, good. I was just breathing.
shaken	greet	6	Come in. Please. I need company.
shaken	greet	6	Glad you are here. It was close.
shaken	greet	6	Hello. I think I am still trembling.
shaken	greet	6	You made it. I was half afraid you would not.
shaken	greet	6	Ah. Sit. Everything is fine now, I think.
shaken	greet	6	Hello. Forgive the shake in my voice.
shaken	greet	6	Glad to see you. The day nearly broke me.
shaken	greet	6	Welcome. The brew almost took a finger.
shaken	greet	6	You came. I was gathering my wits.
shaken	greet	6	Oh. Hello. Goodness, hold on a moment.
shaken	greet	6	Sit. I am sorry, I am still jittery.
shaken	greet	6	Hello. The night was loud.
shaken	greet	6	You. Glad. Very glad.
shaken	greet	6	Ah, here. Come close. It was a bad hour.
shaken	greet	6	You made it through. Bless.
shaken	greet	6	Hello. My heart is still up there somewhere.
shaken	greet	6	Welcome. Let me set down the jar.
shaken	greet	6	You are here. Oh good. Oh good.
shaken	greet	6	Hello. I have to sit a breath.
shaken	greet	6	Glad you came. I did not expect to stand.
shaken	greet	6	Come. Sit. The fire will steady us.
shaken	greet	6	Hello. Sorry, I am a bit scattered.
shaken	greet	6	You came. I can breathe a little now.
shaken	greet	6	Ah. There. Yes. Hello.
shaken	greet	6	Welcome. The charm saved me, just about.
shaken	greet	6	You are here. That is something.
shaken	greet	6	Hello. Just a moment to settle.
shaken	greet	6	Oh. Good. I need to see a kind face.
shaken	farewell	6	Off I go. I need quiet.
shaken	farewell	6	Later. I have to sit alone for a bit.
shaken	farewell	6	I should go. Hands still shaking.
shaken	farewell	6	Bye. I will mend my charms tonight.
shaken	farewell	6	Off. A long breath is waiting for me.
shaken	farewell	6	See you. Once I stop rattling.
shaken	farewell	6	I must go. The cauldron needs calm hands.
shaken	farewell	6	Later. I need to count my herbs.
shaken	farewell	6	Off, carefully. My knees are not strong.
shaken	farewell	6	Bye. I will be a while mending.
shaken	farewell	6	I should rest. It was close.
shaken	farewell	6	Later. A candle and a chair call me.
shaken	farewell	6	Off, gently. My head is ringing.
shaken	farewell	6	Bye for now. I need the warm stone.
shaken	farewell	6	I must go. Breathe somewhere quiet.
shaken	farewell	6	Later. A cup of tea and a long sit.
shaken	farewell	6	Off. I will look for you tomorrow.
shaken	farewell	6	Bye. Do not ask me to run.
shaken	farewell	6	I should go and lie down a moment.
shaken	farewell	6	Later. I must thank my charm properly.
shaken	farewell	6	Off, slow. I can barely feel my feet.
shaken	farewell	6	Bye. The fire will hold me a while.
shaken	farewell	6	I must go. Too much for one hour.
shaken	farewell	6	Later. Once the shaking fades.
shaken	farewell	6	Off. I am going to hug the cat.
shaken	farewell	6	Bye for now. Soft air is waiting.
shaken	farewell	6	I must go. To breathe, to breathe.
shaken	farewell	6	Later. When the blood finds my hands.
shaken	farewell	6	Off, friend. I will be better by dusk.
shaken	farewell	6	Bye. Keep a warm light for me.
shaken	farewell	6	I should go. I need the quiet brew.
shaken	farewell	6	Later. The herbs will forgive the wait.
shaken	farewell	6	Off, kindly. I need a slow step.
shaken	farewell	6	Bye. Thanks for staying with me.
shaken	farewell	6	I must go and settle.
shaken	farewell	6	Later. Once my heart slows down.
shaken	farewell	6	Off. The cauldron will wait for me.
shaken	farewell	6	Bye. I have to sit and just be.
shaken	farewell	6	I should go. My hands want rest.
shaken	farewell	6	Later. A long exhale is overdue.
shaken	chatter	6	I did not think we would make it.
shaken	chatter	6	My hands are still shaking, honest.
shaken	chatter	6	The brew nearly boiled me.
shaken	chatter	6	That was closer than I like.
shaken	chatter	6	I can still taste the fear.
shaken	chatter	6	The cauldron breathed me in, almost.
shaken	chatter	6	I thought I lost the charm.
shaken	chatter	6	My heart took a bit too long to slow.
shaken	chatter	6	Everything tasted like iron for a minute.
shaken	chatter	6	I keep hearing it, even now.
shaken	chatter	6	The floor nearly went sideways.
shaken	chatter	6	I have not been this rattled in a season.
shaken	chatter	6	The brew saved me, just.
shaken	chatter	6	My knees remembered they were old.
shaken	chatter	6	I thought the salt line was gone.
shaken	chatter	6	The owl screamed, and I screamed back.
shaken	chatter	6	I needed a long breath after that.
shaken	chatter	6	Old magic has teeth when it wants.
shaken	chatter	6	The jar shattered in my hand.
shaken	chatter	6	I thought the door would give.
shaken	chatter	6	The wind nearly took my candle.
shaken	chatter	6	My throat closed for a second.
shaken	chatter	6	The charm burned, but it held.
shaken	chatter	6	I had to sit on the floor.
shaken	chatter	6	The smoke found my lungs a moment.
shaken	chatter	6	I keep counting my fingers, silly.
shaken	chatter	6	The moon felt far away tonight.
shaken	chatter	6	I forgot my own name for a blink.
shaken	chatter	6	The cat stayed on my lap the whole time.
shaken	chatter	6	I am still putting the jars right.
shaken	chatter	6	The cauldron coughed, and so did I.
shaken	chatter	6	I thought the shadow would come in.
shaken	chatter	6	The wards held, thank the moon.
shaken	chatter	6	I barely remembered the counter word.
shaken	chatter	6	The shake will not leave my hands.
shaken	chatter	6	The kettle boiled over at the worst time.
shaken	chatter	6	I had no voice for a bit.
shaken	chatter	6	The old book fell open on warnings.
shaken	chatter	6	I have lost all my calm today.
shaken	chatter	6	I did not know I could move that fast.
shaken	ask	6	Are you alright? Truly?
shaken	ask	6	Did it touch you at all?
shaken	ask	6	Do you need to sit down too?
shaken	ask	6	How did you get out?
shaken	ask	6	Are your hands shaking as well?
shaken	ask	6	Did you feel the ground move?
shaken	ask	6	Where did it go, in the end?
shaken	ask	6	Did you hear it pass behind you?
shaken	ask	6	Are the wards still holding?
shaken	ask	6	Have you seen the cat?
shaken	ask	6	Did your charm burn too?
shaken	ask	6	Are you breathing yet?
shaken	ask	6	How close did it come?
shaken	ask	6	Did anyone else make it?
shaken	ask	6	Are you hurt at all?
shaken	ask	6	Do you need a warm cup?
shaken	ask	6	Did the salt line hold for you?
shaken	ask	6	How many jars did you lose?
shaken	ask	6	Is your hearth still lit?
shaken	ask	6	Did you say the word in time?
shaken	ask	6	Are we actually safe now?
shaken	ask	6	Did the moon come back for you?
shaken	ask	6	Do you need a candle?
shaken	ask	6	Have your hands stopped shaking?
shaken	ask	6	Did the omens warn you first?
shaken	ask	6	Are you seeing straight?
shaken	ask	6	Did you get a breath in?
shaken	ask	6	Did you hear me call?
shaken	ask	6	Is your charm still whole?
shaken	ask	6	Are the spirits still with us?
shaken	ask	6	Did you see which way it went?
shaken	ask	6	Is anyone still out there?
shaken	ask	6	Do you need to lie down?
shaken	ask	6	Did it take anything from you?
shaken	ask	6	Are your ears ringing too?
shaken	ask	6	Did you get out clean?
shaken	ask	6	Is the salt line intact?
shaken	ask	6	Do you need water first?
shaken	ask	6	Did your candle survive?
shaken	ask	6	Are we going to be alright?
shaken	answer	6	Yes. Barely. But yes.
shaken	answer	6	No, not hurt. Just rattled.
shaken	answer	6	Maybe, a scratch. I will live.
shaken	answer	6	Right. Give me a second.
shaken	answer	6	Of course. Trying to, anyway.
shaken	answer	6	Yes, I am breathing. I think.
shaken	answer	6	No, the charm held.
shaken	answer	6	Alive. Just about.
shaken	answer	6	Yes. The salt line saved me.
shaken	answer	6	No. It did not touch me.
shaken	answer	6	Almost. But I am here.
shaken	answer	6	Yes, the cauldron held me up.
shaken	answer	6	No, the fire did not spread.
shaken	answer	6	Still here. Somehow.
shaken	answer	6	Yes. My hands are the worst of it.
shaken	answer	6	No, the jar took the hit.
shaken	answer	6	Close. Too close. But okay.
shaken	answer	6	Yes, I said the word in time.
shaken	answer	6	No, nothing broken, I think.
shaken	answer	6	Standing. That is something.
shaken	answer	6	Yes. Slowly. Slowly.
shaken	answer	6	No, I am fine. Pale, maybe.
shaken	answer	6	Alive, and that is a gift.
shaken	answer	6	Yes, a breath at a time.
shaken	answer	6	No. Just shaking, just that.
shaken	answer	6	Still here. Still here.
shaken	answer	6	Yes, the charm took the worst.
shaken	answer	6	No, did not feel a thing. Lying.
shaken	answer	6	Okay. I am okay. I think.
shaken	answer	6	Yes. Getting my head back.
shaken	answer	6	No, not hurt. Scared.
shaken	answer	6	Alive. Give me a minute.
shaken	answer	6	Yes, the old ward did its job.
shaken	answer	6	No, I kept my footing.
shaken	answer	6	Still breathing. Good sign.
shaken	answer	6	Yes. Need a cup, then we talk.
shaken	answer	6	No blood. That is a blessing.
shaken	answer	6	Just a bruise. Nothing serious.
shaken	answer	6	Yes. Alive and angry.
shaken	answer	6	No, the smoke missed me.
shaken	refuse	6	No. I cannot do that again. Not yet.
shaken	refuse	6	Please, not right now.
shaken	refuse	6	No, I have nothing left for that.
shaken	refuse	6	Not now. My hands would slip.
shaken	refuse	6	I cannot brew when I am like this.
shaken	refuse	6	No. Too soon. Too soon.
shaken	refuse	6	Not tonight. I am done for the day.
shaken	refuse	6	I cannot look at the cauldron yet.
shaken	refuse	6	No, please. Give me the hour.
shaken	refuse	6	Not now. My nerves are thread thin.
shaken	refuse	6	I will not do that shaking like this.
shaken	refuse	6	No. I need to sit, first.
shaken	refuse	6	Not yet. I am still trembling.
shaken	refuse	6	I cannot face the path again.
shaken	refuse	6	No. Not until I breathe right.
shaken	refuse	6	Please, no. The charm is drained.
shaken	refuse	6	Not now. I would burn the brew.
shaken	refuse	6	I cannot. My voice would break.
shaken	refuse	6	No, I am empty, friend.
shaken	refuse	6	Not tonight. Please.
shaken	refuse	6	I cannot work with these hands.
shaken	refuse	6	No. I am not strong enough yet.
shaken	refuse	6	Not yet. The shock is still in me.
shaken	refuse	6	I cannot open that book tonight.
shaken	refuse	6	No. My wards need tending first.
shaken	refuse	6	Not now. I would make it worse.
shaken	refuse	6	I cannot go back out there.
shaken	refuse	6	No. Let me mend myself first.
shaken	refuse	6	Not yet. The fear is too fresh.
shaken	refuse	6	I cannot, not like this.
shaken	refuse	6	No. Please. Ask me tomorrow.
shaken	refuse	6	Not tonight. I do not trust my steps.
shaken	refuse	6	I will not brew while shaking.
shaken	refuse	6	No. Give me a cup of tea first.
shaken	refuse	6	Not now. Even the charm is tired.
shaken	refuse	6	I cannot face another word tonight.
shaken	refuse	6	No. Not a step more.
shaken	refuse	6	Not yet. I need quiet more than anything.
shaken	refuse	6	I cannot hold a brush steady.
shaken	refuse	6	No. The cauldron needs me calm.
shaken	agree	6	Yes. Alright. Slowly, though.
shaken	agree	6	Okay. Just give me a moment.
shaken	agree	6	Agreed. When my hands stop shaking.
shaken	agree	6	Alright. If you lead, I will follow.
shaken	agree	6	Yes. Once I find my breath.
shaken	agree	6	Okay, I hear you.
shaken	agree	6	Agreed. A small step at a time.
shaken	agree	6	Yes. Let us sit first.
shaken	agree	6	Alright. I trust you on this.
shaken	agree	6	Yes, if you say so.
shaken	agree	6	Okay. One breath at a time.
shaken	agree	6	Agreed, but gently.
shaken	agree	6	Yes. Slowly, slowly.
shaken	agree	6	Alright. I will manage.
shaken	agree	6	Okay, lead the way.
shaken	agree	6	Yes. I will try.
shaken	agree	6	Agreed. I am with you.
shaken	agree	6	Alright. Give me a heartbeat.
shaken	agree	6	Yes. Whatever keeps us upright.
shaken	agree	6	Okay. I am in.
shaken	agree	6	Agreed. I want this done too.
shaken	agree	6	Yes. Slow and steady.
shaken	agree	6	Alright. Together, then.
shaken	agree	6	Okay, if we go quiet.
shaken	agree	6	Agreed. Tea first, plan second.
shaken	agree	6	Yes. Just keep me close.
shaken	agree	6	Alright. We do this and rest.
shaken	agree	6	Okay. Hold my arm a moment.
shaken	agree	6	Agreed. Soft steps.
shaken	agree	6	Yes, alright, alright.
shaken	agree	6	Okay. I am finding my feet.
shaken	agree	6	Agreed. We take our time.
shaken	agree	6	Yes. Your plan is good.
shaken	agree	6	Alright. Lead, I will follow.
shaken	agree	6	Okay. Hand on my shoulder, maybe.
shaken	agree	6	Agreed. I would rather not be alone.
shaken	agree	6	Yes. The charm will help.
shaken	agree	6	Alright. We go together.
shaken	agree	6	Okay. One more breath, then we move.
shaken	agree	6	Agreed. Keep me steady and I keep up.
shaken	warn	6	Please. Mind the broken salt.
shaken	warn	6	Careful. My wards are thin tonight.
shaken	warn	6	Do not ask too much of me yet.
shaken	warn	6	Watch the jar. It cracked clean through.
shaken	warn	6	Mind the step. I did not sweep.
shaken	warn	6	Careful by the cauldron. Hands slip.
shaken	warn	6	Do not open the blue jar, please.
shaken	warn	6	Mind the smoke. It followed me home.
shaken	warn	6	Careful with the door. The latch is loose.
shaken	warn	6	Do not touch the charm. It is still hot.
shaken	warn	6	Watch the thresh. It sagged from the shock.
shaken	warn	6	Mind the herbs. Half are ruined.
shaken	warn	6	Careful where you step near the hearth.
shaken	warn	6	Do not rattle the shelf. It leans.
shaken	warn	6	Watch the broken shards by the mortar.
shaken	warn	6	Mind the jar lids. I stopped trusting them.
shaken	warn	6	Careful with the fire. My guard is down.
shaken	warn	6	Do not lean on the shelf. Please.
shaken	warn	6	Watch the drying leaves. They were close.
shaken	warn	6	Mind the crooked nail in the doorframe.
shaken	warn	6	Careful. I am not fully here yet.
shaken	warn	6	Do not promise anything in this room tonight.
shaken	warn	6	Watch the candle. It keeps guttering.
shaken	warn	6	Mind the step in the dark.
shaken	warn	6	Careful with the stew. I do not trust my spoon.
shaken	warn	6	Do not ask for a brew right now.
shaken	warn	6	Watch the window latch. It swung open alone.
shaken	warn	6	Mind the rug. I pulled it crooked.
shaken	warn	6	Careful. The cauldron is still warm.
shaken	warn	6	Do not sit on the blue chair. It fell.
shaken	warn	6	Watch the table edge. Splinters.
shaken	warn	6	Mind the salt shards on the floor.
shaken	warn	6	Careful with the book. The spine cracked.
shaken	warn	6	Do not knock the jar over on your left.
shaken	warn	6	Watch the charm string. It frays.
shaken	warn	6	Mind the cat. He is jumpier than me.
shaken	warn	6	Careful where you set the candle.
shaken	warn	6	Do not talk loud near the broken ward.
shaken	warn	6	Watch yourself. I cannot catch you today.
shaken	warn	6	Mind the shadows. They are staying longer.
